{
  "hash": "df88eda2",
  "browserHash": "2744baa4",
  "optimized": {
    "@ant-design/icons-vue": {
      "src": "../../@ant-design/icons-vue/es/index.js",
      "file": "@ant-design_icons-vue.js",
      "fileHash": "60d43f27",
      "needsInterop": false
    },
    "ant-design-vue": {
      "src": "../../ant-design-vue/es/index.js",
      "file": "ant-design-vue.js",
      "fileHash": "f8ee2198",
      "needsInterop": false
    },
    "ant-design-vue/es/locale/zh_CN": {
      "src": "../../ant-design-vue/es/locale/zh_CN.js",
      "file": "ant-design-vue_es_locale_zh_CN.js",
      "fileHash": "1d938632",
      "needsInterop": false
    },
    "axios": {
      "src": "../../axios/index.js",
      "file": "axios.js",
      "fileHash": "d725e7b9",
      "needsInterop": false
    },
    "dayjs": {
      "src": "../../dayjs/dayjs.min.js",
      "file": "dayjs.js",
      "fileHash": "30c91ce0",
      "needsInterop": true
    },
    "pinia": {
      "src": "../../pinia/dist/pinia.mjs",
      "file": "pinia.js",
      "fileHash": "61b9c890",
      "needsInterop": false
    },
    "pinia-plugin-persistedstate": {
      "src": "../../pinia-plugin-persistedstate/dist/index.mjs",
      "file": "pinia-plugin-persistedstate.js",
      "fileHash": "07e632fc",
      "needsInterop": false
    },
    "vue": {
      "src": "../../vue/dist/vue.runtime.esm-bundler.js",
      "file": "vue.js",
      "fileHash": "b0ab843b",
      "needsInterop": false
    },
    "vue-router": {
      "src": "../../vue-router/dist/vue-router.mjs",
      "file": "vue-router.js",
      "fileHash": "6017ac3e",
      "needsInterop": false
    },
    "vue-router/dist/vue-router": {
      "src": "../../vue-router/dist/vue-router.mjs",
      "file": "vue-router_dist_vue-router.js",
      "fileHash": "373cf06f",
      "needsInterop": false
    }
  },
  "chunks": {
    "chunk-Q2JM2GIE": {
      "file": "chunk-Q2JM2GIE.js"
    },
    "chunk-QUW2HWVL": {
      "file": "chunk-QUW2HWVL.js"
    },
    "chunk-SB7LUPJL": {
      "file": "chunk-SB7LUPJL.js"
    },
    "chunk-XMOLR7NX": {
      "file": "chunk-XMOLR7NX.js"
    },
    "chunk-5OBJFL24": {
      "file": "chunk-5OBJFL24.js"
    },
    "chunk-HEFM7GRK": {
      "file": "chunk-HEFM7GRK.js"
    },
    "chunk-4EOJPDL2": {
      "file": "chunk-4EOJPDL2.js"
    }
  }
}